<?xml version="1.0"?>
<doc>
    <assembly>
        <name>Microsoft.WindowsAzure.Mobile.Ext</name>
    </assembly>
    <members>
        <member name="T:Microsoft.WindowsAzure.MobileServices.PartialEvaluator">
            <summary>
            Evaluates all of an expression's subtrees that aren't dependent on any
            parameters to the expression (things like local variables).  This is
            necessary so we can turn the evaluated values into constants that we
            can send to the server where the query executes.
            </summary>
            <remarks>
            Note that by evaluating as much of the expression as possible now, any
            future re-evaluation of the query (for the purposes of paging in the
            MobileServiceCollectionView, etc.) will use constants rather than
            the latest values in closed variables, etc.  This is desirable behavior
            for data source paging but should be carefully considered for other
            scenarios.
            -
            This code is based on the concepts discussed in
            http://blogs.msdn.com/b/mattwar/archive/2007/08/01/linq-building-an-iqueryable-provider-part-iii.aspx
            which is pointed to by MSDN as the reference for building LINQ 
            providers.
            </remarks>
        </member>
        <member name="M:Microsoft.WindowsAzure.MobileServices.PartialEvaluator.PartiallyEvaluate(System.Linq.Expressions.Expression)">
            <summary>
            Evaluate all subtrees of an expression that aren't dependent on
            parameters to that expression and replace the subtree with a
            constant expression.
            </summary>
            <param name="expression">
            The expression to partially evaluate.
            </param>
            <returns>
            An expression in which every node is either a constant or part of
            a subtree that depends on a one of the expression's parameters.
            </returns>
        </member>
        <member name="M:Microsoft.WindowsAzure.MobileServices.PartialEvaluator.FindIndependentSubtrees(System.Linq.Expressions.Expression)">
            <summary>
            Walk the expression and compute all of the subtrees that are not
            dependent on any of the expressions parameters.
            </summary>
            <param name="expression">The expression to analyze.</param>
            <returns>
            A set of all the expression subtrees that are independent from the
            expression's parameters.  Note that this set will include every
            element of an independent subtree, but it's not a problem because
            the EvaluateIndependentSubtrees walks top down.
            </returns>
        </member>
        <member name="M:Microsoft.WindowsAzure.MobileServices.PartialEvaluator.EvaluateIndependentSubtrees(System.Linq.Expressions.Expression,System.Collections.Generic.List{System.Linq.Expressions.Expression})">
            <summary>
            Replace all the independent subtrees in an expression with
            constants equal to the expression's evaluated result.
            </summary>
            <param name="expression">
            The expression to partially evaluate.
            </param>
            <param name="subtrees">
            The independent subtrees in the expression.
            </param>
            <returns>
            An expression that depends only on parameter values.
            </returns>
        </member>
        <member name="T:Microsoft.WindowsAzure.MobileServices.VisitorHelper">
            <summary>
            Visit all the members of specific types of expression tree nodes.  This
            helps reduce the number of specific visitor classes we need to declare.
            </summary>
        </member>
        <member name="F:Microsoft.WindowsAzure.MobileServices.VisitorHelper.visitor">
            <summary>
            A visitor callback for the generic Visit method that takes the
            Expression along with a function that will recurse and returns the
            visited expression or a modified value.
            </summary>
        </member>
        <member name="F:Microsoft.WindowsAzure.MobileServices.VisitorHelper.memberVisitor">
            <summary>
            A visitor callback for the VisitMember method that takes the
            MemberExpression along with a function that will recurse and
            returns the visisted expression or a modified value.
            </summary>
        </member>
        <member name="M:Microsoft.WindowsAzure.MobileServices.VisitorHelper.#ctor">
            <summary>
            Private constructor to prevent instantiation.
            </summary>
        </member>
        <member name="M:Microsoft.WindowsAzure.MobileServices.VisitorHelper.VisitAll(System.Linq.Expressions.Expression,System.Func{System.Linq.Expressions.Expression,System.Func{System.Linq.Expressions.Expression,System.Linq.Expressions.Expression},System.Linq.Expressions.Expression})">
            <summary>
            Visit all the nodes in the expression.
            </summary>
            <param name="expression">The expression to visit.</param>
            <param name="visitor">
            A function that takes the current node and another function to
            recurse and returns an expression.
            </param>
            <returns>
            The expression obtained by visiting the input expression.
            </returns>
        </member>
        <member name="M:Microsoft.WindowsAzure.MobileServices.VisitorHelper.VisitMembers(System.Linq.Expressions.Expression,System.Func{System.Linq.Expressions.MemberExpression,System.Func{System.Linq.Expressions.MemberExpression,System.Linq.Expressions.Expression},System.Linq.Expressions.Expression})">
            <summary>
            Visit all the member accesses in the expression.
            </summary>
            <param name="expression">The expression to visit.</param>
            <param name="visitor">
            A function that takes the current member access node and another
            function to recurse and returns and expression.
            </param>
            <returns>
            The expression obtained by visiting the input expression.
            </returns>
        </member>
        <member name="M:Microsoft.WindowsAzure.MobileServices.VisitorHelper.Visit(System.Linq.Expressions.Expression)">
            <summary>
            Visit every node.
            </summary>
            <param name="expression">The expression to visit.</param>
            <returns>The visisted expression.</returns>
        </member>
        <member name="M:Microsoft.WindowsAzure.MobileServices.VisitorHelper.VisitMember(System.Linq.Expressions.MemberExpression)">
            <summary>
            Visit member access.
            </summary>
            <param name="expression">The expression to visit.</param>
            <returns>The visited expression.</returns>
        </member>
        <member name="T:Microsoft.WindowsAzure.MobileServices.ExpressionUtility">
            <summary>
            An implementation of the <see cref="T:Microsoft.WindowsAzure.MobileServices.IExpressionUtility"/> interface
            for that uses the ExpressionVisitor
            </summary>
        </member>
        <member name="F:Microsoft.WindowsAzure.MobileServices.ExpressionUtility.instance">
            <summary>
            A singleton instance of the <see cref="T:Microsoft.WindowsAzure.MobileServices.ExpressionUtility"/>.
            </summary>
        </member>
        <member name="M:Microsoft.WindowsAzure.MobileServices.ExpressionUtility.PartiallyEvaluate(System.Linq.Expressions.Expression)">
            <summary>
            Evaluate all subtrees of an expression that aren't dependent on
            parameters to that expression and replace the subtree with a
            constant expression.
            </summary>
            <param name="expression">
            The expression to partially evaluate.
            </param>
            <returns>
            An expression in which every node is either a constant or part of
            a subtree that depends on a one of the expression's parameters.
            </returns>
        </member>
        <member name="M:Microsoft.WindowsAzure.MobileServices.ExpressionUtility.GetMemberExpressions(System.Linq.Expressions.Expression)">
            <summary>
            Returns the MemberExpressions in the expression hierarchy of the <paramref name="expression"/>.
            </summary>
            <param name="expression">The expression to search for children MemberExpressions</param>
            <returns>A collection of MemberExpressions.</returns>
        </member>
        <member name="P:Microsoft.WindowsAzure.MobileServices.ExpressionUtility.Instance">
            <summary>
            A singleton instance of the <see cref="T:Microsoft.WindowsAzure.MobileServices.ExpressionUtility"/>.
            </summary>
        </member>
        <member name="T:Xamarin.Auth._MobileServices.Account">
            <summary>
            An Account that represents an authenticated user of a social network.
            </summary>
        </member>
        <member name="M:Xamarin.Auth._MobileServices.Account.#ctor">
            <summary>
            Initializes a new blank <see cref="T:Xamarin.Auth._MobileServices.Account"/>.
            </summary>
        </member>
        <member name="M:Xamarin.Auth._MobileServices.Account.#ctor(System.String)">
            <summary>
            Initializes an <see cref="T:Xamarin.Auth._MobileServices.Account"/> with the given username.
            </summary>
            <param name="username">
            The username for the account.
            </param>
        </member>
        <member name="M:Xamarin.Auth._MobileServices.Account.#ctor(System.String,System.Net.CookieContainer)">
            <summary>
            Initializes an <see cref="T:Xamarin.Auth._MobileServices.Account"/> with the given username and cookies.
            </summary>
            <param name="username">
            The username for the account.
            </param>
            <param name="cookies">
            The cookies to be stored with the account.
            </param>
        </member>
        <member name="M:Xamarin.Auth._MobileServices.Account.#ctor(System.String,System.Collections.Generic.IDictionary{System.String,System.String})">
            <summary>
            Initializes an <see cref="T:Xamarin.Auth._MobileServices.Account"/> with the given username and cookies.
            </summary>
            <param name="username">
            The username for the account.
            </param>
            <param name="properties">
            Properties for the account.
            </param>
        </member>
        <member name="M:Xamarin.Auth._MobileServices.Account.#ctor(System.String,System.Collections.Generic.IDictionary{System.String,System.String},System.Net.CookieContainer)">
            <summary>
            Initializes an <see cref="T:Xamarin.Auth._MobileServices.Account"/> with the given username and cookies.
            </summary>
            <param name="username">
            The username for the account.
            </param>
            <param name="properties">
            Properties for the account.
            </param>
            <param name="cookies">
            The cookies to be stored with the account.
            </param>
        </member>
        <member name="M:Xamarin.Auth._MobileServices.Account.Serialize">
            <summary>
            Serialize this account into a string that can be deserialized.
            </summary>
            <returns>A <c>string</c> representing the <see cref="T:Xamarin.Auth._MobileServices.Account"/> instance.</returns>
            <seealso cref="M:Xamarin.Auth._MobileServices.Account.Deserialize(System.String)"/>
        </member>
        <member name="M:Xamarin.Auth._MobileServices.Account.Deserialize(System.String)">
            <summary>
            Restores an account from its serialized string representation.
            </summary>
            <param name="serializedString">The serialized account generated by <see cref="M:Xamarin.Auth._MobileServices.Account.Serialize"/>.</param>
            <returns>An <see cref="T:Xamarin.Auth._MobileServices.Account"/> instance represented by <paramref name="serializedString"/>.</returns>
            <seealso cref="M:Xamarin.Auth._MobileServices.Account.Serialize"/>
        </member>
        <member name="M:Xamarin.Auth._MobileServices.Account.ToString">
            <summary>
            Returns a <see cref="T:System.String"/> that represents the current <see cref="T:Xamarin.Auth._MobileServices.Account"/>.
            </summary>
            <returns>
            A <see cref="T:System.String"/> that represents the current <see cref="T:Xamarin.Auth._MobileServices.Account"/>.
            </returns>
        </member>
        <member name="P:Xamarin.Auth._MobileServices.Account.Username">
            <summary>
            The username used as a key when storing this account.
            </summary>
        </member>
        <member name="P:Xamarin.Auth._MobileServices.Account.Properties">
            <summary>
            A key-value store associated with this account. These get encrypted when the account is stored.
            </summary>
        </member>
        <member name="P:Xamarin.Auth._MobileServices.Account.Cookies">
            <summary>
            Cookies that are stored with the account for web services that control access using cookies.
            </summary>
        </member>
        <member name="F:Xamarin.Auth._MobileServices.ACAccountWrapper.store">
            <summary>
            The store that this account came from. We need to keep this reference to prevent the
            store from getting collected. It's necessary to keep it in memory or else the
            ACAccount store will stop working.
            </summary>
        </member>
        <member name="T:Xamarin.Auth._MobileServices.AccountStore">
            <summary>
            A persistent storage for <see cref="T:Xamarin.Auth._MobileServices.Account"/>s. This storage is encrypted.
            Accounts are stored using a service ID and the username of the account
            as a primary key.
            </summary>
        </member>
        <member name="M:Xamarin.Auth._MobileServices.AccountStore.Create">
            <summary>
            Create an account store.
            </summary>
        </member>
        <member name="M:Xamarin.Auth._MobileServices.AccountStore.FindAccountsForService(System.String)">
            <summary>
            Finds the accounts for a given service.
            </summary>
            <returns>
            The accounts for the service.
            </returns>
            <param name='serviceId'>
            Service identifier.
            </param>
        </member>
        <member name="M:Xamarin.Auth._MobileServices.AccountStore.Save(Xamarin.Auth._MobileServices.Account,System.String)">
            <summary>
            Save the specified account by combining its username and the serviceId
            to form a primary key.
            </summary>
            <param name='account'>
            Account to store.
            </param>
            <param name='serviceId'>
            Service identifier.
            </param>
        </member>
        <member name="M:Xamarin.Auth._MobileServices.AccountStore.Delete(Xamarin.Auth._MobileServices.Account,System.String)">
            <summary>
            Deletes the account for a given serviceId.
            </summary>
            <param name='account'>
            Account to delete.
            </param>
            <param name='serviceId'>
            Service identifier.
            </param>
        </member>
        <member name="T:Xamarin.Auth._MobileServices.WebAuthenticatorController">
            <summary>
            The ViewController that the WebAuthenticator presents to the user.
            </summary>
        </member>
        <member name="T:Xamarin.Auth._MobileServices.Authenticator">
            <summary>
            A process and user interface to authenticate a user.
            </summary>
        </member>
        <member name="M:Xamarin.Auth._MobileServices.Authenticator.#ctor">
            <summary>
            Initializes a new instance of the <see cref="T:Xamarin.Auth._MobileServices.Authenticator"/> class.
            </summary>
        </member>
        <member name="M:Xamarin.Auth._MobileServices.Authenticator.GetUI">
            <summary>
            Gets the UI for this authenticator.
            </summary>
            <returns>
            The UI that needs to be presented.
            </returns>
        </member>
        <member name="M:Xamarin.Auth._MobileServices.Authenticator.GetPlatformUI">
            <summary>
            Gets the UI for this authenticator.
            </summary>
            <returns>
            The UI that needs to be presented.
            </returns>
        </member>
        <member name="M:Xamarin.Auth._MobileServices.Authenticator.OnSucceeded(Xamarin.Auth._MobileServices.Account)">
            <summary>
            Implementations must call this function when they have successfully authenticated.
            </summary>
            <param name='account'>
            The authenticated account.
            </param>
        </member>
        <member name="M:Xamarin.Auth._MobileServices.Authenticator.OnSucceeded(System.String,System.Collections.Generic.IDictionary{System.String,System.String})">
            <summary>
            Implementations must call this function when they have successfully authenticated.
            </summary>
            <param name='username'>
            User name of the account.
            </param>
            <param name='accountProperties'>
            Additional data, such as access tokens, that need to be stored with the account. This
            information is secured.
            </param>
        </member>
        <member name="M:Xamarin.Auth._MobileServices.Authenticator.OnCancelled">
            <summary>
            Implementations must call this function when they have cancelled the operation.
            </summary>
        </member>
        <member name="M:Xamarin.Auth._MobileServices.Authenticator.OnError(System.String)">
            <summary>
            Implementations must call this function when they have failed to authenticate.
            </summary>
            <param name='message'>
            The reason that this authentication has failed.
            </param>
        </member>
        <member name="M:Xamarin.Auth._MobileServices.Authenticator.OnError(System.Exception)">
            <summary>
            Implementations must call this function when they have failed to authenticate.
            </summary>
            <param name='exception'>
            The reason that this authentication has failed.
            </param>
        </member>
        <member name="P:Xamarin.Auth._MobileServices.Authenticator.Title">
            <summary>
            Gets or sets the title of any UI elements that need to be presented for this authenticator.
            </summary>
            <value><c>"Authenticate" by default.</c></value>
        </member>
        <member name="P:Xamarin.Auth._MobileServices.Authenticator.AllowCancel">
            <summary>
            Gets or sets whether to allow user cancellation.
            </summary>
            <value><c>true</c> by default.</value>
        </member>
        <member name="E:Xamarin.Auth._MobileServices.Authenticator.Completed">
            <summary>
            Occurs when authentication has been successfully or unsuccessfully completed.
            Consult the <see cref="P:Xamarin.Auth._MobileServices.AuthenticatorCompletedEventArgs.IsAuthenticated"/> event argument to determine if
            authentication was successful.
            </summary>
        </member>
        <member name="E:Xamarin.Auth._MobileServices.Authenticator.Error">
            <summary>
            Occurs when there an error is encountered when authenticating.
            </summary>
        </member>
        <member name="P:Xamarin.Auth._MobileServices.Authenticator.HasCompleted">
            <summary>
            Gets whether this authenticator has completed its interaction with the user.
            </summary>
            <value><c>true</c> if authorization has been completed, <c>false</c> otherwise.</value>
        </member>
        <member name="T:Xamarin.Auth._MobileServices.AuthenticatorCompletedEventArgs">
            <summary>
            Authenticator completed event arguments.
            </summary>
        </member>
        <member name="M:Xamarin.Auth._MobileServices.AuthenticatorCompletedEventArgs.#ctor(Xamarin.Auth._MobileServices.Account)">
            <summary>
            Initializes a new instance of the <see cref="T:Xamarin.Auth._MobileServices.AuthenticatorCompletedEventArgs"/> class.
            </summary>
            <param name="account">
            The account created or <see langword="null"/> if authentication failed or was canceled.
            </param>
        </member>
        <member name="P:Xamarin.Auth._MobileServices.AuthenticatorCompletedEventArgs.IsAuthenticated">
            <summary>
            Whether the authentication succeeded and there is a valid <see cref="P:Xamarin.Auth._MobileServices.AuthenticatorCompletedEventArgs.Account"/>.
            </summary>
            <value>
            <see langword="true"/> if the user is authenticated; otherwise, <see langword="false"/>.
            </value>
        </member>
        <member name="P:Xamarin.Auth._MobileServices.AuthenticatorCompletedEventArgs.Account">
            <summary>
            Gets the account created that represents this authentication.
            </summary>
            <value>
            The account.
            </value>
        </member>
        <member name="T:Xamarin.Auth._MobileServices.AuthenticatorErrorEventArgs">
            <summary>
            Authenticator error event arguments.
            </summary>
        </member>
        <member name="M:Xamarin.Auth._MobileServices.AuthenticatorErrorEventArgs.#ctor(System.String)">
            <summary>
            Initializes a new instance of the <see cref="T:Xamarin.Auth._MobileServices.AuthenticatorErrorEventArgs"/> class
            with a message but no exception.
            </summary>
            <param name="message">
            A message describing the error.
            </param>
        </member>
        <member name="M:Xamarin.Auth._MobileServices.AuthenticatorErrorEventArgs.#ctor(System.Exception)">
            <summary>
            Initializes a new instance of the <see cref="T:Xamarin.Auth._MobileServices.AuthenticatorErrorEventArgs"/> class with an exception.
            </summary>
            <param name="exception">
            The exception signaling the error. The message of this object is retrieved from this exception or
            its inner exceptions.
            </param>
        </member>
        <member name="P:Xamarin.Auth._MobileServices.AuthenticatorErrorEventArgs.Message">
            <summary>
            Gets a message describing the error.
            </summary>
            <value>
            The message.
            </value>
        </member>
        <member name="P:Xamarin.Auth._MobileServices.AuthenticatorErrorEventArgs.Exception">
            <summary>
            Gets the exception that signaled the error if there was one.
            </summary>
            <value>
            The exception or <see langword="null"/>.
            </value>
        </member>
        <member name="T:Xamarin.Auth._MobileServices.AuthException">
            <summary>
            An exception generated by the Xamarin.Auth._MobileServices library.
            </summary>
        </member>
        <member name="M:Xamarin.Auth._MobileServices.AuthException.#ctor">
            <summary>
            Initializes a new instance of the <see cref="T:Xamarin.Auth._MobileServices.AuthException"/> class.
            </summary>
        </member>
        <member name="M:Xamarin.Auth._MobileServices.AuthException.#ctor(System.String)">
            <summary>
            Initializes a new instance of the <see cref="T:Xamarin.Auth._MobileServices.AuthException"/> class.
            </summary>
            <param name="message">A <see cref="T:System.String"/> that describes the exception. </param>
        </member>
        <member name="M:Xamarin.Auth._MobileServices.AuthException.#ctor(System.String,System.Exception)">
            <summary>
            Initializes a new instance of the <see cref="T:Xamarin.Auth._MobileServices.AuthException"/> class.
            </summary>
            <param name="message">A <see cref="T:System.String"/> that describes the exception. </param>
            <param name="inner">The exception that is the cause of the current exception. </param>
        </member>
        <member name="M:Xamarin.Auth._MobileServices.AuthException.#ctor(System.Runtime.Serialization.SerializationInfo,System.Runtime.Serialization.StreamingContext)">
            <summary>
            Initializes a new instance of the <see cref="T:Xamarin.Auth._MobileServices.AuthException"/> class.
            </summary>
            <param name="context">The contextual information about the source or destination.</param>
            <param name="info">The object that holds the serialized object data.</param>
        </member>
        <member name="T:Xamarin.Auth._MobileServices.FormAuthenticator">
            <summary>
            An authenticator that presents a form to the user.
            </summary>
        </member>
        <member name="M:Xamarin.Auth._MobileServices.FormAuthenticator.#ctor(System.Uri)">
            <summary>
            Initializes a new instance of the <see cref="T:Xamarin.Auth._MobileServices.FormAuthenticator"/> class
            with the given link to create accounts.
            </summary>
            <param name="createAccountLink">
            A link to a website or other resource that allows the user to create a new account.
            </param>
        </member>
        <member name="M:Xamarin.Auth._MobileServices.FormAuthenticator.GetFieldValue(System.String)">
            <summary>
            Gets the value of a field using its key.
            </summary>
            <returns>
            The field value.
            </returns>
            <param name='key'>
            The key of the field.
            </param>
        </member>
        <member name="M:Xamarin.Auth._MobileServices.FormAuthenticator.SignInAsync(System.Threading.CancellationToken)">
            <summary>
            Method called to authenticate the user using the values in the <see cref="P:Xamarin.Auth._MobileServices.FormAuthenticator.Fields"/>.
            </summary>
            <returns>
            A task to retrieve the <see cref="T:Xamarin.Auth._MobileServices.Account"/> for the authenticated user.
            </returns>
            <param name="cancellationToken">
            Cancellation token used to cancel the authentication.
            </param>
        </member>
        <member name="M:Xamarin.Auth._MobileServices.FormAuthenticator.GetPlatformUI">
            <summary>
            Gets the UI to present this form.
            </summary>
            <returns>
            The UI that needs to be presented.
            </returns>
        </member>
        <member name="P:Xamarin.Auth._MobileServices.FormAuthenticator.Fields">
            <summary>
            The fields that need to be filled in by the user in order to authenticate.
            </summary>
            <value>
            The fields.
            </value>
        </member>
        <member name="P:Xamarin.Auth._MobileServices.FormAuthenticator.CreateAccountLink">
            <summary>
            A link to a website or other resource that allows the user to create a new account.
            </summary>
            <value>
            The create account link.
            </value>
        </member>
        <member name="T:Xamarin.Auth._MobileServices.FormAuthenticatorField">
            <summary>
            Account credential form field.
            </summary>
        </member>
        <member name="M:Xamarin.Auth._MobileServices.FormAuthenticatorField.#ctor(System.String,System.String,Xamarin.Auth._MobileServices.FormAuthenticatorFieldType,System.String,System.String)">
            <summary>
            Initializes a new instance of the <see cref="T:Xamarin.Auth._MobileServices.FormAuthenticatorField"/> class.
            </summary>
            <param name="key">
            A key used to identify the field.
            </param>
            <param name="title">
            The title of the field when presented in a UI.
            </param>
            <param name="fieldType">
            The type of the field.
            </param>
            <param name="placeholder">
            Placeholder text shown when there is no input value for the field.
            </param>
            <param name="defaultValue">
            The value of the field.
            </param>
        </member>
        <member name="M:Xamarin.Auth._MobileServices.FormAuthenticatorField.#ctor">
            <summary>
            Initializes a new instance of the <see cref="T:Xamarin.Auth._MobileServices.FormAuthenticatorField"/> class.
            </summary>
        </member>
        <member name="P:Xamarin.Auth._MobileServices.FormAuthenticatorField.Key">
            <summary>
            A key used to identify this field.
            </summary>
            <value>
            The key.
            </value>
        </member>
        <member name="P:Xamarin.Auth._MobileServices.FormAuthenticatorField.Title">
            <summary>
            The title of this field when presented in a UI.
            </summary>
            <value>
            The title.
            </value>
        </member>
        <member name="P:Xamarin.Auth._MobileServices.FormAuthenticatorField.Placeholder">
            <summary>
            Placeholder text shown when there is no input value for this field.
            </summary>
            <value>
            The placeholder.
            </value>
        </member>
        <member name="P:Xamarin.Auth._MobileServices.FormAuthenticatorField.Value">
            <summary>
            The value of this field.
            </summary>
            <value>
            The value.
            </value>
        </member>
        <member name="P:Xamarin.Auth._MobileServices.FormAuthenticatorField.FieldType">
            <summary>
            The type of this field.
            </summary>
            <value>
            The type.
            </value>
        </member>
        <member name="T:Xamarin.Auth._MobileServices.FormAuthenticatorFieldType">
            <summary>
            The display type of a credential field.
            </summary>
        </member>
        <member name="F:Xamarin.Auth._MobileServices.FormAuthenticatorFieldType.PlainText">
            <summary>
            The field is plain text.
            </summary>
        </member>
        <member name="F:Xamarin.Auth._MobileServices.FormAuthenticatorFieldType.Email">
            <summary>
            The field is an email address.
            </summary>
        </member>
        <member name="F:Xamarin.Auth._MobileServices.FormAuthenticatorFieldType.Password">
            <summary>
            The field is protected from onlookers.
            </summary>
        </member>
        <member name="T:Xamarin.Auth._MobileServices.OAuth1">
            <summary>
            A collection of utility functions for signing OAuth 1.0 requests.
            </summary>
        </member>
        <member name="M:Xamarin.Auth._MobileServices.OAuth1.EncodeString(System.String)">
            <summary>
            Encodes a string according to: http://tools.ietf.org/html/rfc5849#section-3.6
            </summary>
            <returns>
            The encoded string.
            </returns>
            <param name='unencoded'>
            The string to encode.
            </param>
        </member>
        <member name="M:Xamarin.Auth._MobileServices.OAuth1.GetBaseString(System.String,System.Uri,System.Collections.Generic.IDictionary{System.String,System.String})">
            <summary>
            Gets the signature base string according to: http://tools.ietf.org/html/rfc5849#section-3.4.1
            </summary>
            <returns>
            The signature base string.
            </returns>
            <param name='method'>
            HTTP request method.
            </param>
            <param name='uri'>
            The request resource URI.
            </param>
            <param name='parameters'>
            Parameters covered by: http://tools.ietf.org/html/rfc5849#section-3.4.1.3
            </param>
        </member>
        <member name="M:Xamarin.Auth._MobileServices.OAuth1.GetSignature(System.String,System.Uri,System.Collections.Generic.IDictionary{System.String,System.String},System.String,System.String)">
            <summary>
            Gets the signature of a request according to: http://tools.ietf.org/html/rfc5849#section-3.4
            </summary>
            <returns>
            The signature.
            </returns>
            <param name='method'>
            HTTP request method.
            </param>
            <param name='uri'>
            The request resource URI.
            </param>
            <param name='parameters'>
            Parameters covered by: http://tools.ietf.org/html/rfc5849#section-3.4.1.3
            </param>
            <param name='consumerSecret'>
            Consumer secret.
            </param>
            <param name='tokenSecret'>
            Token secret.
            </param>
        </member>
        <member name="M:Xamarin.Auth._MobileServices.OAuth1.CreateRequest(System.String,System.Uri,System.Collections.Generic.IDictionary{System.String,System.String},System.String,System.String,System.String)">
            <summary>
            Creates an OAuth 1.0 signed request.
            </summary>
            <returns>
            The request.
            </returns>
            <param name='method'>
            HTTP request method.
            </param>
            <param name='uri'>
            The request resource URI.
            </param>
            <param name='parameters'>
            Parameters covered by: http://tools.ietf.org/html/rfc5849#section-3.4.1.3
            </param>
            <param name='consumerKey'>
            Consumer key.
            </param>
            <param name='consumerSecret'>
            Consumer secret.
            </param>
            <param name='tokenSecret'>
            Token secret.
            </param>
        </member>
        <member name="M:Xamarin.Auth._MobileServices.OAuth1.GetAuthorizationHeader(System.String,System.Uri,System.Collections.Generic.IDictionary{System.String,System.String},System.String,System.String,System.String,System.String)">
            <summary>
            Gets the authorization header for a signed request.
            </summary>
            <returns>
            The authorization header.
            </returns>
            <param name='method'>
            HTTP request method.
            </param>
            <param name='uri'>
            The request resource URI.
            </param>
            <param name='parameters'>
            Parameters covered by: http://tools.ietf.org/html/rfc5849#section-3.4.1.3
            </param>
            <param name='consumerKey'>
            Consumer key.
            </param>
            <param name='consumerSecret'>
            Consumer secret.
            </param>
            <param name='token'>
            Token.
            </param>
            <param name='tokenSecret'>
            Token secret.
            </param>
        </member>
        <member name="T:Xamarin.Auth._MobileServices.GetUsernameAsyncFunc">
            <summary>
            Type of method used to fetch the username of an account
            after it has been successfully authenticated.
            </summary>
        </member>
        <member name="T:Xamarin.Auth._MobileServices.OAuth1Authenticator">
            <summary>
            OAuth 1.0 authenticator.
            </summary>
        </member>
        <member name="T:Xamarin.Auth._MobileServices.WebAuthenticator">
            <summary>
            An authenticator that displays a web page.
            </summary>
        </member>
        <member name="M:Xamarin.Auth._MobileServices.WebAuthenticator.GetInitialUrlAsync">
            <summary>
            Method that returns the initial URL to be displayed in the web browser.
            </summary>
            <returns>
            A task that will return the initial URL.
            </returns>
        </member>
        <member name="M:Xamarin.Auth._MobileServices.WebAuthenticator.OnPageLoading(System.Uri)">
            <summary>
            Event handler called when a new page is being loaded in the web browser.
            </summary>
            <param name='url'>
            The URL of the page.
            </param>
        </member>
        <member name="M:Xamarin.Auth._MobileServices.WebAuthenticator.OnPageLoaded(System.Uri)">
            <summary>
            Event handler called when a new page has been loaded in the web browser.
            Implementations should call <see cref="M:Xamarin.Auth._MobileServices.Authenticator.OnSucceeded(Xamarin.Auth._MobileServices.Account)"/> if this page
            signifies a successful authentication.
            </summary>
            <param name="url">
            The URL of the page.
            </param>
        </member>
        <member name="M:Xamarin.Auth._MobileServices.WebAuthenticator.ClearCookies">
            <summary>
            Clears all cookies.
            </summary>
            <seealso cref="P:Xamarin.Auth._MobileServices.WebAuthenticator.ClearCookiesBeforeLogin"/>
        </member>
        <member name="M:Xamarin.Auth._MobileServices.WebAuthenticator.OnBrowsingCompleted">
            <summary>
            Raises the browsing completed event.
            </summary>
        </member>
        <member name="M:Xamarin.Auth._MobileServices.WebAuthenticator.GetPlatformUI">
            <summary>
            Gets the UI for this authenticator.
            </summary>
            <returns>
            The UI that needs to be presented.
            </returns>
        </member>
        <member name="P:Xamarin.Auth._MobileServices.WebAuthenticator.ClearCookiesBeforeLogin">
            <summary>
            Gets or sets whether to automatically clear cookies before logging in.
            </summary>
            <seealso cref="M:Xamarin.Auth._MobileServices.WebAuthenticator.ClearCookies"/>
        </member>
        <member name="P:Xamarin.Auth._MobileServices.WebAuthenticator.ShowUIErrors">
            <summary>
            Gets or sets whether to display authentication errors in the UI. Set to false if you want to handle the errors yourself.
            </summary>
        </member>
        <member name="E:Xamarin.Auth._MobileServices.WebAuthenticator.BrowsingCompleted">
            <summary>
            Occurs when the visual, user-interactive, browsing has completed but there
            is more authentication work to do.
            </summary>
        </member>
        <member name="M:Xamarin.Auth._MobileServices.OAuth1Authenticator.#ctor(System.String,System.String,System.Uri,System.Uri,System.Uri,System.Uri,Xamarin.Auth._MobileServices.GetUsernameAsyncFunc)">
            <summary>
            Initializes a new instance of the <see cref="T:Xamarin.Auth._MobileServices.OAuth1Authenticator"/> class.
            </summary>
            <param name="consumerKey">
            Consumer key.
            </param>
            <param name="consumerSecret">
            Consumer secret.
            </param>
            <param name="requestTokenUrl">
            Request token URL.
            </param>
            <param name="authorizeUrl">
            Authorize URL.
            </param>
            <param name="accessTokenUrl">
            Access token URL.
            </param>
            <param name="callbackUrl">
            Callback URL.
            </param>
            <param name="getUsernameAsync">
            Method used to fetch the username of an account
            after it has been successfully authenticated.
            </param>
        </member>
        <member name="M:Xamarin.Auth._MobileServices.OAuth1Authenticator.GetInitialUrlAsync">
            <summary>
            Method that returns the initial URL to be displayed in the web browser.
            </summary>
            <returns>
            A task that will return the initial URL.
            </returns>
        </member>
        <member name="M:Xamarin.Auth._MobileServices.OAuth1Authenticator.OnPageLoaded(System.Uri)">
            <summary>
            Event handler that watches for the callback URL to be loaded.
            </summary>
            <param name='url'>
            The URL of the loaded page.
            </param>
        </member>
        <member name="P:Xamarin.Auth._MobileServices.OAuth1Authenticator.ConsumerKey">
            <summary>
            Gets the consumer key.
            </summary>
        </member>
        <member name="P:Xamarin.Auth._MobileServices.OAuth1Authenticator.ConsumerSecret">
            <summary>
            Gets the consumer secret.
            </summary>
        </member>
        <member name="P:Xamarin.Auth._MobileServices.OAuth1Authenticator.RequestTokenUrl">
            <summary>
            Gets the request token url. http://oauth.net/core/1.0/#request_urls
            </summary>
        </member>
        <member name="P:Xamarin.Auth._MobileServices.OAuth1Authenticator.AuthorizeUrl">
            <summary>
            Gets the authorize url. http://oauth.net/core/1.0/#request_urls
            </summary>
        </member>
        <member name="P:Xamarin.Auth._MobileServices.OAuth1Authenticator.AccessTokenUrl">
            <summary>
            Gets the access token url. http://oauth.net/core/1.0/#request_urls
            </summary>
        </member>
        <member name="P:Xamarin.Auth._MobileServices.OAuth1Authenticator.CallbackUrl">
            <summary>
            Gets the callback url. http://oauth.net/core/1.0/#auth_step2
            </summary>
        </member>
        <member name="T:Xamarin.Auth._MobileServices.OAuth1Request">
            <summary>
            Request that is authenticated using an account retrieved from an <see cref="T:Xamarin.Auth._MobileServices.OAuth1Authenticator"/>.
            </summary>
        </member>
        <member name="T:Xamarin.Auth._MobileServices.Request">
            <summary>
            An HTTP web request that provides a convenient way to make authenticated
            requests using account objects obtained from an authenticator.
            </summary>
        </member>
        <member name="M:Xamarin.Auth._MobileServices.Request.#ctor(System.String,System.Uri,System.Collections.Generic.IDictionary{System.String,System.String},Xamarin.Auth._MobileServices.Account)">
            <summary>
            Initializes a new instance of the <see cref="T:Xamarin.Auth._MobileServices.Request"/> class.
            </summary>
            <param name="method">
            The HTTP method.
            </param>
            <param name="url">
            The URL.
            </param>
            <param name="parameters">
            Parameters that will pre-populate the <see cref="P:Xamarin.Auth._MobileServices.Request.Parameters"/> property or null.
            </param>
            <param name="account">
            The account used to authenticate this request.
            </param>
        </member>
        <member name="F:Xamarin.Auth._MobileServices.Request.Multiparts">
            <summary>
            The parts of a multipart request.
            </summary>
        </member>
        <member name="M:Xamarin.Auth._MobileServices.Request.AddMultipartData(System.String,System.String)">
            <summary>
            Adds a part to the request. Doing so will make this request be sent as multipart/form-data.
            </summary>
            <param name='name'>
            Name of the part.
            </param>
            <param name='data'>
            Text value of the part.
            </param>
        </member>
        <member name="M:Xamarin.Auth._MobileServices.Request.AddMultipartData(System.String,System.IO.Stream,System.String,System.String)">
            <summary>
            Adds a part to the request. Doing so will make this request be sent as multipart/form-data.
            </summary>
            <param name='name'>
            Name of the part.
            </param>
            <param name='data'>
            Data used when transmitting this part.
            </param>
            <param name='mimeType'>
            The MIME type of this part.
            </param>
            <param name='filename'>
            The filename of this part if it represents a file.
            </param>
        </member>
        <member name="M:Xamarin.Auth._MobileServices.Request.GetResponseAsync">
            <summary>
            Gets the response.
            </summary>
            <returns>
            The response.
            </returns>
        </member>
        <member name="M:Xamarin.Auth._MobileServices.Request.GetResponseAsync(System.Threading.CancellationToken)">
            <summary>
            Gets the response.
            </summary>
            <remarks>
            Service implementors should override this method to modify the PreparedWebRequest
            to authenticate it.
            </remarks>
            <param name="cancellationToken"></param>
            <returns>
            The response.
            </returns>
        </member>
        <member name="M:Xamarin.Auth._MobileServices.Request.GetPreparedUrl">
            <summary>
            Gets the prepared URL.
            </summary>
            <remarks>
            Service implementors should override this function and add any needed parameters
            from the Account to the URL before it is used to get the response.
            </remarks>
            <returns>
            The prepared URL.
            </returns>
        </member>
        <member name="M:Xamarin.Auth._MobileServices.Request.GetPreparedWebRequest">
            <summary>
            Returns the <see cref="T:System.Net.HttpWebRequest"/> that will be used for this <see cref="T:Xamarin.Auth._MobileServices.Request"/>. All properties
            should be set to their correct values before accessing this object.
            </summary>
            <remarks>
            Service implementors should modify the returned request to add whatever
            authentication data is needed before getting the response.
            </remarks>
            <returns>
            The prepared HTTP web request.
            </returns>
        </member>
        <member name="P:Xamarin.Auth._MobileServices.Request.Method">
            <summary>
            The HTTP method.
            </summary>
            <value>A string representing the HTTP method to be used with this request.</value>
        </member>
        <member name="P:Xamarin.Auth._MobileServices.Request.Url">
            <summary>
            The URL of the resource to request.
            </summary>
        </member>
        <member name="P:Xamarin.Auth._MobileServices.Request.Parameters">
            <summary>
            The parameters of the request. These will be added to the query string of the
            URL for GET requests, encoded as form a parameters for POSTs, and added as
            multipart values if the request uses <see cref="F:Xamarin.Auth._MobileServices.Request.Multiparts"/>.
            </summary>
        </member>
        <member name="P:Xamarin.Auth._MobileServices.Request.Account">
            <summary>
            The account that will be used to authenticate this request.
            </summary>
        </member>
        <member name="T:Xamarin.Auth._MobileServices.Request.Part">
            <summary>
            A single part of a multipart request.
            </summary>
        </member>
        <member name="F:Xamarin.Auth._MobileServices.Request.Part.Data">
            <summary>
            The data.
            </summary>
        </member>
        <member name="F:Xamarin.Auth._MobileServices.Request.Part.TextData">
            <summary>
            The optional textual representation of the <see cref="F:Xamarin.Auth._MobileServices.Request.Part.Data"/>.
            </summary>
        </member>
        <member name="F:Xamarin.Auth._MobileServices.Request.Part.Name">
            <summary>
            The name.
            </summary>
        </member>
        <member name="F:Xamarin.Auth._MobileServices.Request.Part.MimeType">
            <summary>
            The MIME type.
            </summary>
        </member>
        <member name="F:Xamarin.Auth._MobileServices.Request.Part.Filename">
            <summary>
            The filename of this part if it represents a file.
            </summary>
        </member>
        <member name="M:Xamarin.Auth._MobileServices.OAuth1Request.#ctor(System.String,System.Uri,System.Collections.Generic.IDictionary{System.String,System.String},Xamarin.Auth._MobileServices.Account,System.Boolean)">
            <summary>
            Initializes a new instance of the <see cref="T:Xamarin.Auth._MobileServices.OAuth1Request"/> class.
            </summary>
            <param name="method">
            The HTTP method.
            </param>
            <param name="url">
            The URL.
            </param>
            <param name="parameters">
            Parameters that will pre-populate the <see cref="P:Xamarin.Auth._MobileServices.Request.Parameters"/> property or <see langword="null"/>.
            </param>
            <param name="account">
            The account used to authenticate this request.
            </param>
            <param name="includeMultipartsInSignature">
            If set to <see langword="true"/> include multiparts when calculating the OAuth 1.0 signature.
            </param>
        </member>
        <member name="M:Xamarin.Auth._MobileServices.OAuth1Request.GetResponseAsync(System.Threading.CancellationToken)">
            <summary>
            Asynchronously gets the response.
            </summary>
            <returns>
            The response.
            </returns>
            <exception cref="T:System.InvalidOperationException"><see cref="T:Xamarin.Auth._MobileServices.Account"/> is <c>null</c>.</exception>
        </member>
        <member name="M:Xamarin.Auth._MobileServices.OAuth1Request.GetAuthorizationHeader">
            <summary>
            Gets OAuth authorization header.
            </summary>
            <remarks>
            <para>
            Make sure that the parameters array contains mulitpart keys if we're dealing with a buggy
            OAuth implementation (such as Flickr).
            </para>
            <para>
            These normally shouldn't be included: http://tools.ietf.org/html/rfc5849#section-3.4.1.3.1
            </para>
            </remarks>
        </member>
        <member name="T:Xamarin.Auth._MobileServices.OAuth2Authenticator">
            <summary>
            Implements OAuth 2.0 implicit granting. http://tools.ietf.org/html/draft-ietf-oauth-v2-31#section-4.2
            </summary>
        </member>
        <member name="T:Xamarin.Auth._MobileServices.WebRedirectAuthenticator">
            <summary>
            An authenticator that displays web pages until a given "redirect" page is encountered. It then
            returns an account with the fragment on that URL.
            </summary>
        </member>
        <member name="M:Xamarin.Auth._MobileServices.WebRedirectAuthenticator.#ctor(System.Uri,System.Uri)">
            <summary>
            Initializes a new instance of the <see cref="T:Xamarin.Auth._MobileServices.WebRedirectAuthenticator"/> class.
            </summary>
            <param name="initialUrl">
            The initial URL loaded into the web browser.
            </param>
            <param name="redirectUrl">
            The URL watched for.
            </param>
        </member>
        <member name="M:Xamarin.Auth._MobileServices.WebRedirectAuthenticator.GetInitialUrlAsync">
            <summary>
            Method that returns the initial URL to be displayed in the web browser.
            </summary>
            <returns>
            A task that will return the initial URL.
            </returns>
        </member>
        <member name="M:Xamarin.Auth._MobileServices.WebRedirectAuthenticator.OnPageLoaded(System.Uri)">
            <summary>
            Event handler called when a page has completed loading.
            </summary>
            <param name='url'>
            The URL of the page.
            </param>
        </member>
        <member name="M:Xamarin.Auth._MobileServices.WebRedirectAuthenticator.OnPageLoading(System.Uri)">
            <summary>
            Event handler called when a new page is being loaded in the web browser.
            </summary>
            <param name='url'>
            The URL of the page.
            </param>
        </member>
        <member name="M:Xamarin.Auth._MobileServices.WebRedirectAuthenticator.OnPageEncountered(System.Uri,System.Collections.Generic.IDictionary{System.String,System.String},System.Collections.Generic.IDictionary{System.String,System.String})">
            <summary>
            Raised when a new page has been encountered.
            </summary>
            <param name="url">
            URL of the page.
            </param>
            <param name="query">
            The parsed query of the URL.
            </param>
            <param name="fragment">
            The parsed fragment of the URL.
            </param>
            <remarks>
            <para>
            This is invoked on any event that has a URL: <see cref="M:Xamarin.Auth._MobileServices.WebRedirectAuthenticator.OnPageLoaded(System.Uri)"/> and <see cref="M:Xamarin.Auth._MobileServices.WebRedirectAuthenticator.OnPageLoading(System.Uri)"/>.
            Not all platforms may support triggering <see cref="M:Xamarin.Auth._MobileServices.WebRedirectAuthenticator.OnPageLoading(System.Uri)"/>, so this is provided as a blanket
            method to check redirect URLs at the earliest possible time to avoid showing redirect pages if unnecessary.
            </para>
            </remarks>
        </member>
        <member name="M:Xamarin.Auth._MobileServices.WebRedirectAuthenticator.OnRedirectPageLoaded(System.Uri,System.Collections.Generic.IDictionary{System.String,System.String},System.Collections.Generic.IDictionary{System.String,System.String})">
            <summary>
            Raised when the redirect page has been loaded.
            </summary>
            <param name='url'>
            URL of the page.
            </param>
            <param name='query'>
            The parsed query of the URL.
            </param>
            <param name='fragment'>
            The parsed fragment of the URL.
            </param>
        </member>
        <member name="P:Xamarin.Auth._MobileServices.WebRedirectAuthenticator.RedirectUrl">
            <summary>
            Gets the redirect URL.
            </summary>
            <value>The redirect URL.</value>
        </member>
        <member name="M:Xamarin.Auth._MobileServices.OAuth2Authenticator.#ctor(System.String,System.String,System.Uri,System.Uri,Xamarin.Auth._MobileServices.GetUsernameAsyncFunc)">
            <summary>
            Initializes a new <see cref="T:Xamarin.Auth._MobileServices.OAuth2Authenticator"/>
            that authenticates using implicit granting (token).
            </summary>
            <param name="clientId">
            Client identifier.
            </param>
            <param name="scope">
            Authorization scope.
            </param>
            <param name="authorizeUrl">
            Authorize URL.
            </param>
            <param name="redirectUrl">
            Redirect URL.
            </param>
            <param name="getUsernameAsync">
            Method used to fetch the username of an account
            after it has been successfully authenticated.
            </param>
        </member>
        <member name="M:Xamarin.Auth._MobileServices.OAuth2Authenticator.#ctor(System.String,System.String,System.String,System.Uri,System.Uri,System.Uri,Xamarin.Auth._MobileServices.GetUsernameAsyncFunc)">
            <summary>
            Initializes a new instance <see cref="T:Xamarin.Auth._MobileServices.OAuth2Authenticator"/>
            that authenticates using authorization codes (code).
            </summary>
            <param name="clientId">
            Client identifier.
            </param>
            <param name="clientSecret">
            Client secret.
            </param>
            <param name="scope">
            Authorization scope.
            </param>
            <param name="authorizeUrl">
            Authorize URL.
            </param>
            <param name="redirectUrl">
            Redirect URL.
            </param>
            <param name="accessTokenUrl">
            URL used to request access tokens after an authorization code was received.
            </param>
            <param name="getUsernameAsync">
            Method used to fetch the username of an account
            after it has been successfully authenticated.
            </param>
        </member>
        <member name="M:Xamarin.Auth._MobileServices.OAuth2Authenticator.GetInitialUrlAsync">
            <summary>
            Method that returns the initial URL to be displayed in the web browser.
            </summary>
            <returns>
            A task that will return the initial URL.
            </returns>
        </member>
        <member name="M:Xamarin.Auth._MobileServices.OAuth2Authenticator.OnPageEncountered(System.Uri,System.Collections.Generic.IDictionary{System.String,System.String},System.Collections.Generic.IDictionary{System.String,System.String})">
            <summary>
            Raised when a new page has been loaded.
            </summary>
            <param name='url'>
            URL of the page.
            </param>
            <param name='query'>
            The parsed query of the URL.
            </param>
            <param name='fragment'>
            The parsed fragment of the URL.
            </param>
        </member>
        <member name="M:Xamarin.Auth._MobileServices.OAuth2Authenticator.OnRedirectPageLoaded(System.Uri,System.Collections.Generic.IDictionary{System.String,System.String},System.Collections.Generic.IDictionary{System.String,System.String})">
            <summary>
            Raised when a new page has been loaded.
            </summary>
            <param name='url'>
            URL of the page.
            </param>
            <param name='query'>
            The parsed query string of the URL.
            </param>
            <param name='fragment'>
            The parsed fragment of the URL.
            </param>
        </member>
        <member name="M:Xamarin.Auth._MobileServices.OAuth2Authenticator.RequestAccessTokenAsync(System.String)">
            <summary>
            Asynchronously requests an access token with an authorization <paramref name="code"/>.
            </summary>
            <returns>
            A dictionary of data returned from the authorization request.
            </returns>
            <param name='code'>The authorization code.</param>
            <remarks>Implements: http://tools.ietf.org/html/rfc6749#section-4.1</remarks>
        </member>
        <member name="M:Xamarin.Auth._MobileServices.OAuth2Authenticator.RequestAccessTokenAsync(System.Collections.Generic.IDictionary{System.String,System.String})">
            <summary>
            Asynchronously makes a request to the access token URL with the given parameters.
            </summary>
            <param name="queryValues">The parameters to make the request with.</param>
            <returns>The data provided in the response to the access token request.</returns>
        </member>
        <member name="M:Xamarin.Auth._MobileServices.OAuth2Authenticator.OnRetrievedAccountProperties(System.Collections.Generic.IDictionary{System.String,System.String})">
            <summary>
            Event handler that is fired when an access token has been retreived.
            </summary>
            <param name='accountProperties'>
            The retrieved account properties
            </param>
        </member>
        <member name="P:Xamarin.Auth._MobileServices.OAuth2Authenticator.ClientId">
            <summary>
            Gets the client identifier.
            </summary>
            <value>The client identifier.</value>
        </member>
        <member name="P:Xamarin.Auth._MobileServices.OAuth2Authenticator.ClientSecret">
            <summary>
            Gets the client secret.
            </summary>
            <value>The client secret.</value>
        </member>
        <member name="P:Xamarin.Auth._MobileServices.OAuth2Authenticator.Scope">
            <summary>
            Gets the authorization scope.
            </summary>
            <value>The authorization scope.</value>
        </member>
        <member name="P:Xamarin.Auth._MobileServices.OAuth2Authenticator.AuthorizeUrl">
            <summary>
            Gets the authorize URL.
            </summary>
            <value>The authorize URL.</value>
        </member>
        <member name="P:Xamarin.Auth._MobileServices.OAuth2Authenticator.AccessTokenUrl">
            <summary>
            Gets the access token URL.
            </summary>
            <value>The URL used to request access tokens after an authorization code was received.</value>
        </member>
        <member name="T:Xamarin.Auth._MobileServices.OAuth2Request">
            <summary>
            Request that is authenticated using an account retrieved from an <see cref="T:Xamarin.Auth._MobileServices.OAuth2Authenticator"/>.
            </summary>
        </member>
        <member name="M:Xamarin.Auth._MobileServices.OAuth2Request.#ctor(System.String,System.Uri,System.Collections.Generic.IDictionary{System.String,System.String},Xamarin.Auth._MobileServices.Account)">
            <summary>
            Initializes a new instance of the <see cref="T:Xamarin.Auth._MobileServices.OAuth2Request"/> class.
            </summary>
            <param name="method">The HTTP method.</param>
            <param name="url">The URL.</param>
            <param name="parameters">
            Parameters that will pre-populate the <see cref="P:Xamarin.Auth._MobileServices.Request.Parameters"/> property or <c>null</c>.
            </param>
            <param name="account">The account used to authenticate this request.</param>
        </member>
        <member name="M:Xamarin.Auth._MobileServices.OAuth2Request.GetPreparedUrl">
            <summary>
            Gets the OAuth2 prepared URL.
            </summary>
            <returns>The OAuth2 prepared URL.</returns>
        </member>
        <member name="M:Xamarin.Auth._MobileServices.OAuth2Request.GetAuthenticatedUrl(Xamarin.Auth._MobileServices.Account,System.Uri,System.String)">
            <summary>
            Transforms an unauthenticated URL to an authenticated one.
            </summary>
            <returns>
            The authenticated URL.
            </returns>
            <param name="account">The <see cref="T:Xamarin.Auth._MobileServices.Account"/> that's been authenticated.</param>
            <param name="unauthenticatedUrl">The unauthenticated URL.</param>
            <param name="accessTokenParameterName">The name of the access token parameter.</param>
            <seealso cref="P:Xamarin.Auth._MobileServices.OAuth2Request.AccessTokenParameterName"/>
        </member>
        <member name="M:Xamarin.Auth._MobileServices.OAuth2Request.GetAuthorizationHeader(Xamarin.Auth._MobileServices.Account)">
            <summary>
            Gets an authenticated HTTP Authorization header.
            </summary>
            <returns>
            The authorization header.
            </returns>
            <param name="account">The <see cref="T:Xamarin.Auth._MobileServices.Account"/> that's been authenticated.</param>
        </member>
        <member name="P:Xamarin.Auth._MobileServices.OAuth2Request.AccessTokenParameterName">
            <summary>
            Gets or sets the access token parameter name.
            </summary>
            <value><c>"access_token"</c> by default.</value>
            <remarks>
            Some providers, such as FourSquare do not use the somewhat-standard
            <c>"access_token"</c> name for their parameter.
            </remarks>
        </member>
        <member name="T:Xamarin.Auth._MobileServices.Response">
            <summary>
            An HTTP web response.
            </summary>
        </member>
        <member name="M:Xamarin.Auth._MobileServices.Response.#ctor(System.Net.HttpWebResponse)">
            <summary>
            Initializes a new <see cref="T:Xamarin.Auth._MobileServices.Response"/> that wraps a <see cref="T:System.Net.HttpWebResponse"/>.
            </summary>
            <param name="response">
            The <see cref="T:System.Net.HttpWebResponse"/> that this response will wrap.
            </param>
            <exception cref="T:System.ArgumentNullException"><paramref name="response"/> is <c>null</c>.</exception>
        </member>
        <member name="M:Xamarin.Auth._MobileServices.Response.#ctor">
            <summary>
            Initializes a new blank <see cref="T:Xamarin.Auth._MobileServices.Response"/>.
            </summary>
        </member>
        <member name="M:Xamarin.Auth._MobileServices.Response.GetResponseText">
            <summary>
            Reads all the response data and interprets it as a string.
            </summary>
            <returns>
            The response text.
            </returns>
        </member>
        <member name="M:Xamarin.Auth._MobileServices.Response.GetResponseStream">
            <summary>
            Gets the response stream.
            </summary>
            <returns>
            The response stream.
            </returns>
        </member>
        <member name="M:Xamarin.Auth._MobileServices.Response.ToString">
            <summary>
            Returns a <see cref="T:System.String"/> that represents the current <see cref="T:Xamarin.Auth._MobileServices.Response"/>.
            </summary>
            <returns>
            A <see cref="T:System.String"/> that represents the current <see cref="T:Xamarin.Auth._MobileServices.Response"/>.
            </returns>
        </member>
        <member name="M:Xamarin.Auth._MobileServices.Response.Finalize">
            <summary>
            Releases unmanaged resources and performs other cleanup operations before the <see cref="T:Xamarin.Auth._MobileServices.Response"/>
            is reclaimed by garbage collection.
            </summary>
        </member>
        <member name="M:Xamarin.Auth._MobileServices.Response.Dispose">
            <summary>
            Releases all resource used by the <see cref="T:Xamarin.Auth._MobileServices.Response"/> object.
            </summary>
        </member>
        <member name="M:Xamarin.Auth._MobileServices.Response.Dispose(System.Boolean)">
            <summary>
            Releases all resource used by the <see cref="T:Xamarin.Auth._MobileServices.Response"/> object.
            </summary>
            <param name="disposing">
            Whether this function was called from the Dispose method.
            </param>
        </member>
        <member name="P:Xamarin.Auth._MobileServices.Response.ResponseUri">
            <summary>
            Gets the response URI.
            </summary>
            <value>The actual Uri of the final request returned.</value>
            <remarks>
            Some requests may automatically redirecet before turning a final response. This
            property will return the final <see cref="T:System.Uri"/> that this response is actually from.
            </remarks>
        </member>
        <member name="P:Xamarin.Auth._MobileServices.Response.StatusCode">
            <summary>
            Gets the response status code.
            </summary>
            <value>The status of this response.</value>
        </member>
        <member name="P:Xamarin.Auth._MobileServices.Response.Headers">
            <summary>
            Gets the headers returned with this response.
            </summary>
            <value>A <see cref="T:System.Collections.Generic.Dictionary`2"/> of header names to values.</value>
        </member>
        <member name="M:Xamarin.Auth._MobileServices.WebUtilities.FormEncode(System.Collections.Generic.IDictionary{System.String,System.String})">
            <summary>
            Encodes the dictionary to a form representation.
            </summary>
            <param name="inputs">The dictionary to encode.</param>
            <returns>A string in the form encoded format of the dictionary.</returns>
            <exception cref="T:System.ArgumentNullException"><paramref name="inputs"/> is <c>null</c>.</exception>
        </member>
        <member name="M:Xamarin.Auth._MobileServices.WebUtilities.EncodeString(System.String)">
            <summary>
            Encodes a string according to: http://www.ietf.org/rfc/rfc3986.txt
            </summary>
            <returns>
            The encoded string.
            </returns>
            <param name='unencoded'>
            The string to encode.
            </param>
        </member>
        <member name="T:Microsoft.WindowsAzure.MobileServices.MobileServiceClientExtensions">
            <summary>
            Extension methods for UI-based login.
            </summary>
        </member>
        <member name="M:Microsoft.WindowsAzure.MobileServices.MobileServiceClientExtensions.LoginAsync(Microsoft.WindowsAzure.MobileServices.IMobileServiceClient,MonoTouch.UIKit.UIViewController,Microsoft.WindowsAzure.MobileServices.MobileServiceAuthenticationProvider)">
            <summary>
            Log a user into a Mobile Services application given a provider name.
            </summary>
            <param name="client" type="Microsoft.WindowsAzure.MobileServices.IMobileServiceClient">
            The MobileServiceClient instance to login with
            </param>
            <param name="viewController" type="MonoTouch.UIKit.UIViewController">
            UIViewController used to display modal login UI on iPhone/iPods.
            </param>
            <param name="provider" type="MobileServiceAuthenticationProvider">
            Authentication provider to use.
            </param>        
            <returns>
            Task that will complete when the user has finished authentication.
            </returns>
        </member>
        <member name="M:Microsoft.WindowsAzure.MobileServices.MobileServiceClientExtensions.LoginAsync(Microsoft.WindowsAzure.MobileServices.IMobileServiceClient,MonoTouch.UIKit.UIViewController,Microsoft.WindowsAzure.MobileServices.MobileServiceAuthenticationProvider,System.Collections.Generic.IDictionary{System.String,System.String})">
            <summary>
            Log a user into a Mobile Services application given a provider name.
            </summary>
            <param name="client" type="Microsoft.WindowsAzure.MobileServices.IMobileServiceClient">
            The MobileServiceClient instance to login with
            </param>
            <param name="viewController" type="MonoTouch.UIKit.UIViewController">
            UIViewController used to display modal login UI on iPhone/iPods.
            </param>
            <param name="provider" type="MobileServiceAuthenticationProvider">
            Authentication provider to use.
            </param>
            <param name="parameters">
            Provider specific extra parameters that are sent as query string parameters to login endpoint.
            </param>
            <returns>
            Task that will complete when the user has finished authentication.
            </returns>
        </member>
        <member name="M:Microsoft.WindowsAzure.MobileServices.MobileServiceClientExtensions.LoginAsync(Microsoft.WindowsAzure.MobileServices.IMobileServiceClient,MonoTouch.UIKit.UIViewController,System.String)">
            <summary>
            Log a user into a Mobile Services application given a provider name.
            </summary>
            <param name="client" type="Microsoft.WindowsAzure.MobileServices.IMobileServiceClient">
            The MobileServiceClient instance to login with
            </param>
            <param name="viewController" type="MonoTouch.UIKit.UIViewController">
            UIViewController used to display modal login UI on iPhone/iPods.
            </param>
            <param name="provider" type="string">
            The name of the authentication provider to use.
            </param>
            <returns>
            Task that will complete when the user has finished authentication.
            </returns>
        </member>
        <member name="M:Microsoft.WindowsAzure.MobileServices.MobileServiceClientExtensions.LoginAsync(Microsoft.WindowsAzure.MobileServices.IMobileServiceClient,MonoTouch.UIKit.UIViewController,System.String,System.Collections.Generic.IDictionary{System.String,System.String})">
            <summary>
            Log a user into a Mobile Services application given a provider name.
            </summary>
            <param name="client" type="Microsoft.WindowsAzure.MobileServices.IMobileServiceClient">
            The MobileServiceClient instance to login with
            </param>
            <param name="viewController" type="MonoTouch.UIKit.UIViewController">
            UIViewController used to display modal login UI on iPhone/iPods.
            </param>
            <param name="provider" type="string">
            The name of the authentication provider to use.
            </param>
            <param name="parameters">
            Provider specific extra parameters that are sent as query string parameters to login endpoint.
            </param>
            <returns>
            Task that will complete when the user has finished authentication.
            </returns>
        </member>
        <member name="M:Microsoft.WindowsAzure.MobileServices.MobileServiceClientExtensions.LoginAsync(Microsoft.WindowsAzure.MobileServices.IMobileServiceClient,System.Drawing.RectangleF,MonoTouch.UIKit.UIView,Microsoft.WindowsAzure.MobileServices.MobileServiceAuthenticationProvider)">
            <summary>
            Log a user into a Mobile Services application given a provider name.
            </summary>
            <param name="client" type="Microsoft.WindowsAzure.MobileServices.IMobileServiceClient">
            The MobileServiceClient instance to login with
            </param>
            <param name="rectangle" type="System.Drawing.RectangleF">
            The area in <paramref name="view"/> to anchor to.
            </param>
            <param name="view" type="MonoTouch.UIKit.UIView">
            UIView used to display a popover from on iPad.
            </param>
            <param name="provider" type="MobileServiceAuthenticationProvider">
            Authentication provider to use.
            </param>
            <returns>
            Task that will complete when the user has finished authentication.
            </returns>
        </member>
        <member name="M:Microsoft.WindowsAzure.MobileServices.MobileServiceClientExtensions.LoginAsync(Microsoft.WindowsAzure.MobileServices.IMobileServiceClient,System.Drawing.RectangleF,MonoTouch.UIKit.UIView,Microsoft.WindowsAzure.MobileServices.MobileServiceAuthenticationProvider,System.Collections.Generic.IDictionary{System.String,System.String})">
            <summary>
            Log a user into a Mobile Services application given a provider name.
            </summary>
            <param name="client" type="Microsoft.WindowsAzure.MobileServices.IMobileServiceClient">
            The MobileServiceClient instance to login with
            </param>
            <param name="rectangle" type="System.Drawing.RectangleF">
            The area in <paramref name="view"/> to anchor to.
            </param>
            <param name="view" type="MonoTouch.UIKit.UIView">
            UIView used to display a popover from on iPad.
            </param>
            <param name="provider" type="MobileServiceAuthenticationProvider">
            Authentication provider to use.
            </param>
            <param name="parameters">
            Provider specific extra parameters that are sent as query string parameters to login endpoint.
            </param>
            <returns>
            Task that will complete when the user has finished authentication.
            </returns>
        </member>
        <member name="M:Microsoft.WindowsAzure.MobileServices.MobileServiceClientExtensions.LoginAsync(Microsoft.WindowsAzure.MobileServices.IMobileServiceClient,System.Drawing.RectangleF,MonoTouch.UIKit.UIView,System.String)">
            <summary>
            Log a user into a Mobile Services application given a provider name.
            </summary>
            <param name="client" type="Microsoft.WindowsAzure.MobileServices.IMobileServiceClient">
            The MobileServiceClient instance to login with
            </param>
            <param name="rectangle" type="System.Drawing.RectangleF">
            The area in <paramref name="view"/> to anchor to.
            </param>
            <param name="view" type="MonoTouch.UIKit.UIView">
            UIView used to display a popover from on iPad.
            </param>
            <param name="provider" type="string">
            The name of the authentication provider to use.
            </param>
            <returns>
            Task that will complete when the user has finished authentication.
            </returns>
        </member>
        <member name="M:Microsoft.WindowsAzure.MobileServices.MobileServiceClientExtensions.LoginAsync(Microsoft.WindowsAzure.MobileServices.IMobileServiceClient,System.Drawing.RectangleF,MonoTouch.UIKit.UIView,System.String,System.Collections.Generic.IDictionary{System.String,System.String})">
            <summary>
            Log a user into a Mobile Services application given a provider name.
            </summary>
            <param name="client" type="Microsoft.WindowsAzure.MobileServices.IMobileServiceClient">
            The MobileServiceClient instance to login with
            </param>
            <param name="rectangle" type="System.Drawing.RectangleF">
            The area in <paramref name="view"/> to anchor to.
            </param>
            <param name="view" type="MonoTouch.UIKit.UIView">
            UIView used to display a popover from on iPad.
            </param>
            <param name="provider" type="string">
            The name of the authentication provider to use.
            </param>
            <param name="parameters">
            Provider specific extra parameters that are sent as query string parameters to login endpoint.
            </param>
            <returns>
            Task that will complete when the user has finished authentication.
            </returns>
        </member>
        <member name="M:Microsoft.WindowsAzure.MobileServices.MobileServiceClientExtensions.LoginAsync(Microsoft.WindowsAzure.MobileServices.IMobileServiceClient,MonoTouch.UIKit.UIBarButtonItem,Microsoft.WindowsAzure.MobileServices.MobileServiceAuthenticationProvider)">
            <summary>
            Log a user into a Mobile Services application given a provider name.
            </summary>
            <param name="client" type="Microsoft.WindowsAzure.MobileServices.IMobileServiceClient">
            The MobileServiceClient instance to login with
            </param>
            <param name="barButtonItem" type="MonoTouch.UIKit.UIBarButtonItem">
            UIBarButtonItem used to display a popover from on iPad.
            </param>
            <param name="provider" type="MobileServiceAuthenticationProvider">
            Authentication provider to use.
            </param>
            <returns>
            Task that will complete when the user has finished authentication.
            </returns>
        </member>
        <member name="M:Microsoft.WindowsAzure.MobileServices.MobileServiceClientExtensions.LoginAsync(Microsoft.WindowsAzure.MobileServices.IMobileServiceClient,MonoTouch.UIKit.UIBarButtonItem,Microsoft.WindowsAzure.MobileServices.MobileServiceAuthenticationProvider,System.Collections.Generic.IDictionary{System.String,System.String})">
            <summary>
            Log a user into a Mobile Services application given a provider name.
            </summary>
            <param name="client" type="Microsoft.WindowsAzure.MobileServices.IMobileServiceClient">
            The MobileServiceClient instance to login with
            </param>
            <param name="barButtonItem" type="MonoTouch.UIKit.UIBarButtonItem">
            UIBarButtonItem used to display a popover from on iPad.
            </param>
            <param name="provider" type="MobileServiceAuthenticationProvider">
            Authentication provider to use.
            </param>
            <param name="parameters">
            Provider specific extra parameters that are sent as query string parameters to login endpoint.
            </param>
            <returns>
            Task that will complete when the user has finished authentication.
            </returns>
        </member>
        <member name="M:Microsoft.WindowsAzure.MobileServices.MobileServiceClientExtensions.LoginAsync(Microsoft.WindowsAzure.MobileServices.IMobileServiceClient,MonoTouch.UIKit.UIBarButtonItem,System.String)">
            <summary>
            Log a user into a Mobile Services application given a provider name.
            </summary>
            <param name="client" type="Microsoft.WindowsAzure.MobileServices.IMobileServiceClient">
            The MobileServiceClient instance to login with
            </param>
            <param name="barButtonItem" type="MonoTouch.UIKit.UIBarButtonItem">
            UIBarButtonItem used to display a popover from on iPad.
            </param>
            <param name="provider" type="string">
            The name of the authentication provider to use.
            </param>
            <returns>
            Task that will complete when the user has finished authentication.
            </returns>
        </member>
        <member name="M:Microsoft.WindowsAzure.MobileServices.MobileServiceClientExtensions.LoginAsync(Microsoft.WindowsAzure.MobileServices.IMobileServiceClient,MonoTouch.UIKit.UIBarButtonItem,System.String,System.Collections.Generic.IDictionary{System.String,System.String})">
            <summary>
            Log a user into a Mobile Services application given a provider name.
            </summary>
            <param name="client" type="Microsoft.WindowsAzure.MobileServices.IMobileServiceClient">
            The MobileServiceClient instance to login with
            </param>
            <param name="barButtonItem" type="MonoTouch.UIKit.UIBarButtonItem">
            UIBarButtonItem used to display a popover from on iPad.
            </param>
            <param name="provider" type="string">
            The name of the authentication provider to use.
            </param>
            <param name="parameters">
            Provider specific extra parameters that are sent as query string parameters to login endpoint.
            </param>
            <param name="parameters">
            Provider specific extra parameters that are sent as query string parameters to login endpoint.
            </param>
            <returns>
            Task that will complete when the user has finished authentication.
            </returns>
        </member>
        <member name="M:Microsoft.WindowsAzure.MobileServices.MobileServiceClientExtensions.GetPush(Microsoft.WindowsAzure.MobileServices.MobileServiceClient)">
            <summary>
            Extension method to get a <see cref="T:Microsoft.WindowsAzure.MobileServices.Push"/> object made from an existing <see cref="T:Microsoft.WindowsAzure.MobileServices.MobileServiceClient"/>.
            </summary>
            <param name="client">
            The <see cref="T:Microsoft.WindowsAzure.MobileServices.MobileServiceClient"/> to create with.
            </param>
            <returns>
            The <see cref="T:Microsoft.WindowsAzure.MobileServices.Push"/> object used for registering for notifications.
            </returns>
        </member>
        <member name="F:Microsoft.WindowsAzure.MobileServices.ApplicationStorage.instance">
            <summary>
            A singleton instance of the <see cref="T:Microsoft.WindowsAzure.MobileServices.ApplicationStorage"/>.
            </summary>
        </member>
        <member name="P:Microsoft.WindowsAzure.MobileServices.ApplicationStorage.Instance">
            <summary>
            A singleton instance of the <see cref="T:Microsoft.WindowsAzure.MobileServices.ApplicationStorage"/>.
            </summary>
        </member>
        <member name="T:Microsoft.WindowsAzure.MobileServices.CurrentPlatform">
            <summary>
            Provides access to platform specific functionality for the current client platform.
            </summary>
        </member>
        <member name="M:Microsoft.WindowsAzure.MobileServices.CurrentPlatform.Init">
            <summary>
            You must call this method from your application in order to ensure
            that this platform specific assembly is included in your app.
            </summary>
        </member>
        <member name="F:Microsoft.WindowsAzure.MobileServices.PlatformInformation.instance">
            <summary>
            A singleton instance of the <see cref="T:Microsoft.WindowsAzure.MobileServices.PlatformInformation"/>.
            </summary>
        </member>
        <member name="P:Microsoft.WindowsAzure.MobileServices.PlatformInformation.Instance">
            <summary>
            A singleton instance of the <see cref="T:Microsoft.WindowsAzure.MobileServices.PlatformInformation"/>.
            </summary>
        </member>
        <member name="T:Microsoft.WindowsAzure.MobileServices.Push">
            <summary>
            Define a class help to create/update/delete notification registrations
            </summary>
        </member>
        <member name="M:Microsoft.WindowsAzure.MobileServices.Push.RegisterAsync(MonoTouch.Foundation.NSData)">
            <summary>
            Register an Installation with particular deviceToken
            </summary>
            <param name="deviceToken">The deviceToken to register</param>
            <returns>Task that completes when registration is complete</returns>
        </member>
        <member name="M:Microsoft.WindowsAzure.MobileServices.Push.RegisterAsync(MonoTouch.Foundation.NSData,Newtonsoft.Json.Linq.JObject)">
            <summary>
            Register an Installation with particular deviceToken and templates
            </summary>
            <param name="deviceToken">The deviceToken to register</param>
            <param name="templates">JSON with one more templates to register</param>
            <returns>Task that completes when registration is complete</returns>
        </member>
        <member name="M:Microsoft.WindowsAzure.MobileServices.Push.UnregisterAsync">
            <summary>
            Unregister any installations for a particular app
            </summary>
            <returns>Task that completes when unregister is complete</returns>
        </member>
        <member name="P:Microsoft.WindowsAzure.MobileServices.Push.InstallationId">
            <summary>
            Installation Id used to register the device with Notification Hubs
            </summary>
        </member>
        <member name="F:Microsoft.WindowsAzure.MobileServices.PushUtility.instance">
            <summary>
            A singleton instance of the <see cref="T:Microsoft.WindowsAzure.MobileServices.PushUtility"/>.
            </summary>
        </member>
        <member name="P:Microsoft.WindowsAzure.MobileServices.PushUtility.Instance">
            <summary>
            A singleton instance of the <see cref="T:Microsoft.WindowsAzure.MobileServices.PushUtility"/>.
            </summary>
        </member>
    </members>
</doc>
